scene,split,seq,img_path,t1,t2,t3,q1,q2,q3,q4
3floor,train,3,seq3/frame00001.jpeg,4.7,2.1,1.6,0.0,0.0,0.0,1.0
3floor,train,3,seq3/frame00002.jpeg,4.7,2.1,1.6,0.0,0.3826834323650898,0.0,0.9238795325112867
3floor,train,3,seq3/frame00003.jpeg,4.7,1.5,1.6,0.0,-0.7071067811865476,0.0,0.7071067811865476
3floor,train,3,seq3/frame00004.jpeg,4.7,1.5,1.6,0.0,-0.3826834323650898,0.0,0.9238795325112867
3floor,train,3,seq3/frame00005.jpeg,4.7,1.5,1.6,0.0,0.0,0.0,1.0
3floor,train,3,seq3/frame00006.jpeg,4.7,1.5,1.6,0.0,0.3826834323650898,0.0,0.9238795325112867
3floor,train,3,seq3/frame00007.jpeg,4.7,1.5,1.6,0.0,0.7071067811865476,0.0,0.7071067811865476
3floor,train,3,seq3/frame00008.jpeg,4.7,0.9,1.6,0.0,-0.7071067811865476,0.0,0.7071067811865476
3floor,train,3,seq3/frame00009.jpeg,4.7,0.9,1.6,0.0,-0.3826834323650898,0.0,0.9238795325112867
3floor,train,3,seq3/frame00010.jpeg,4.7,0.9,1.6,0.0,0.0,0.0,1.0
3floor,train,3,seq3/frame00011.jpeg,4.7,0.9,1.6,0.0,0.3826834323650898,0.0,0.9238795325112867
3floor,train,3,seq3/frame00012.jpeg,4.7,0.9,1.6,0.0,0.7071067811865476,0.0,0.7071067811865476
3floor,train,3,seq3/frame00013.jpeg,4.7,0.3,1.6,0.0,-0.3826834323650898,0.0,0.9238795325112867
3floor,train,3,seq3/frame00014.jpeg,4.7,0.3,1.6,0.0,0.0,0.0,1.0
3floor,train,3,seq3/frame00015.jpeg,4.1,2.1,1.6,0.0,0.0,0.0,1.0
3floor,train,3,seq3/frame00016.jpeg,4.1,2.1,1.6,0.0,0.3826834323650898,0.0,0.9238795325112867
3floor,train,3,seq3/frame00017.jpeg,4.1,1.5,1.6,0.0,-0.7071067811865476,0.0,0.7071067811865476
3floor,train,3,seq3/frame00018.jpeg,4.1,1.5,1.6,0.0,-0.3826834323650898,0.0,0.9238795325112867
3floor,train,3,seq3/frame00019.jpeg,4.1,1.5,1.6,0.0,0.0,0.0,1.0
3floor,train,3,seq3/frame00020.jpeg,4.1,1.5,1.6,0.0,0.3826834323650898,0.0,0.9238795325112867
3floor,train,3,seq3/frame00021.jpeg,4.1,1.5,1.6,0.0,0.7071067811865476,0.0,0.7071067811865476
3floor,train,3,seq3/frame00022.jpeg,4.1,0.9,1.6,0.0,-0.7071067811865476,0.0,0.7071067811865476
3floor,train,3,seq3/frame00023.jpeg,4.1,0.9,1.6,0.0,-0.3826834323650898,0.0,0.9238795325112867
3floor,train,3,seq3/frame00024.jpeg,4.1,0.9,1.6,0.0,0.0,0.0,1.0
3floor,train,3,seq3/frame00025.jpeg,4.1,0.9,1.6,0.0,0.3826834323650898,0.0,0.9238795325112867
3floor,train,3,seq3/frame00026.jpeg,4.1,0.9,1.6,0.0,0.7071067811865476,0.0,0.7071067811865476
3floor,train,3,seq3/frame00027.jpeg,4.1,0.3,1.6,0.0,-0.3826834323650898,0.0,0.9238795325112867
3floor,train,3,seq3/frame00028.jpeg,4.1,0.3,1.6,0.0,0.0,0.0,1.0
3floor,train,3,seq3/frame00029.jpeg,3.5,2.1,1.6,0.0,0.0,0.0,1.0
3floor,train,3,seq3/frame00030.jpeg,3.5,2.1,1.6,0.0,0.3826834323650898,0.0,0.9238795325112867
3floor,train,3,seq3/frame00031.jpeg,3.5,1.5,1.6,0.0,-0.7071067811865476,0.0,0.7071067811865476
3floor,train,3,seq3/frame00032.jpeg,3.5,1.5,1.6,0.0,-0.3826834323650898,0.0,0.9238795325112867
3floor,train,3,seq3/frame00033.jpeg,3.5,1.5,1.6,0.0,0.0,0.0,1.0
3floor,train,3,seq3/frame00034.jpeg,3.5,1.5,1.6,0.0,0.3826834323650898,0.0,0.9238795325112867
3floor,train,3,seq3/frame00035.jpeg,3.5,1.5,1.6,0.0,0.7071067811865476,0.0,0.7071067811865476
3floor,train,3,seq3/frame00036.jpeg,3.5,0.9,1.6,0.0,-0.7071067811865476,0.0,0.7071067811865476
3floor,train,3,seq3/frame00037.jpeg,3.5,0.9,1.6,0.0,-0.3826834323650898,0.0,0.9238795325112867
3floor,train,3,seq3/frame00038.jpeg,3.5,0.9,1.6,0.0,0.0,0.0,1.0
3floor,train,3,seq3/frame00039.jpeg,3.5,0.9,1.6,0.0,0.3826834323650898,0.0,0.9238795325112867
3floor,train,3,seq3/frame00040.jpeg,3.5,0.9,1.6,0.0,0.7071067811865476,0.0,0.7071067811865476
3floor,train,3,seq3/frame00041.jpeg,3.5,0.3,1.6,0.0,-0.3826834323650898,0.0,0.9238795325112867
3floor,train,3,seq3/frame00042.jpeg,3.5,0.3,1.6,0.0,0.0,0.0,1.0
3floor,train,3,seq3/frame00043.jpeg,2.9,2.1,1.6,0.0,0.0,0.0,1.0
3floor,train,3,seq3/frame00044.jpeg,2.9,2.1,1.6,0.0,0.3826834323650898,0.0,0.9238795325112867
3floor,train,3,seq3/frame00045.jpeg,2.9,1.5,1.6,0.0,-0.7071067811865476,0.0,0.7071067811865476
3floor,train,3,seq3/frame00046.jpeg,2.9,1.5,1.6,0.0,-0.3826834323650898,0.0,0.9238795325112867
3floor,train,3,seq3/frame00047.jpeg,2.9,1.5,1.6,0.0,0.0,0.0,1.0
3floor,train,3,seq3/frame00048.jpeg,2.9,1.5,1.6,0.0,0.3826834323650898,0.0,0.9238795325112867
3floor,train,3,seq3/frame00049.jpeg,2.9,1.5,1.6,0.0,0.7071067811865476,0.0,0.7071067811865476
3floor,train,3,seq3/frame00050.jpeg,2.9,0.9,1.6,0.0,-0.7071067811865476,0.0,0.7071067811865476
3floor,train,3,seq3/frame00051.jpeg,2.9,0.9,1.6,0.0,-0.3826834323650898,0.0,0.9238795325112867
3floor,train,3,seq3/frame00052.jpeg,2.9,0.9,1.6,0.0,0.0,0.0,1.0
3floor,train,3,seq3/frame00053.jpeg,2.9,0.9,1.6,0.0,0.3826834323650898,0.0,0.9238795325112867
3floor,train,3,seq3/frame00054.jpeg,2.9,0.9,1.6,0.0,0.7071067811865476,0.0,0.7071067811865476
3floor,train,3,seq3/frame00055.jpeg,2.9,0.3,1.6,0.0,-0.3826834323650898,0.0,0.9238795325112867
3floor,train,3,seq3/frame00056.jpeg,2.9,0.3,1.6,0.0,0.0,0.0,1.0
3floor,train,3,seq3/frame00057.jpeg,2.3,2.1,1.6,0.0,0.0,0.0,1.0
3floor,train,3,seq3/frame00058.jpeg,2.3,2.1,1.6,0.0,0.3826834323650898,0.0,0.9238795325112867
3floor,train,3,seq3/frame00059.jpeg,2.3,1.5,1.6,0.0,-0.7071067811865476,0.0,0.7071067811865476
3floor,train,3,seq3/frame00060.jpeg,2.3,1.5,1.6,0.0,-0.3826834323650898,0.0,0.9238795325112867
3floor,train,3,seq3/frame00061.jpeg,2.3,1.5,1.6,0.0,0.0,0.0,1.0
3floor,train,3,seq3/frame00062.jpeg,2.3,1.5,1.6,0.0,0.3826834323650898,0.0,0.9238795325112867
3floor,train,3,seq3/frame00063.jpeg,2.3,1.5,1.6,0.0,0.7071067811865476,0.0,0.7071067811865476
3floor,train,3,seq3/frame00064.jpeg,2.3,0.9,1.6,0.0,-0.7071067811865476,0.0,0.7071067811865476
3floor,train,3,seq3/frame00065.jpeg,2.3,0.9,1.6,0.0,-0.3826834323650898,0.0,0.9238795325112867
3floor,train,3,seq3/frame00066.jpeg,2.3,0.9,1.6,0.0,0.0,0.0,1.0
3floor,train,3,seq3/frame00067.jpeg,2.3,0.9,1.6,0.0,0.3826834323650898,0.0,0.9238795325112867
3floor,train,3,seq3/frame00068.jpeg,2.3,0.9,1.6,0.0,0.7071067811865476,0.0,0.7071067811865476
3floor,train,3,seq3/frame00069.jpeg,2.3,0.3,1.6,0.0,-0.3826834323650898,0.0,0.9238795325112867
3floor,train,3,seq3/frame00070.jpeg,2.3,0.3,1.6,0.0,0.0,0.0,1.0
3floor,train,3,seq3/frame00071.jpeg,1.7,2.1,1.6,0.0,0.0,0.0,1.0
3floor,train,3,seq3/frame00072.jpeg,1.7,2.1,1.6,0.0,0.3826834323650898,0.0,0.9238795325112867
3floor,train,3,seq3/frame00073.jpeg,1.7,1.5,1.6,0.0,-0.7071067811865476,0.0,0.7071067811865476
3floor,train,3,seq3/frame00074.jpeg,1.7,1.5,1.6,0.0,-0.3826834323650898,0.0,0.9238795325112867
3floor,train,3,seq3/frame00075.jpeg,1.7,1.5,1.6,0.0,0.0,0.0,1.0
3floor,train,3,seq3/frame00076.jpeg,1.7,1.5,1.6,0.0,0.3826834323650898,0.0,0.9238795325112867
3floor,train,3,seq3/frame00077.jpeg,1.7,1.5,1.6,0.0,0.7071067811865476,0.0,0.7071067811865476
3floor,train,3,seq3/frame00078.jpeg,1.7,0.9,1.6,0.0,-0.7071067811865476,0.0,0.7071067811865476
3floor,train,3,seq3/frame00079.jpeg,1.7,0.9,1.6,0.0,-0.3826834323650898,0.0,0.9238795325112867
3floor,train,3,seq3/frame00080.jpeg,1.7,0.9,1.6,0.0,0.0,0.0,1.0
3floor,train,3,seq3/frame00081.jpeg,1.7,0.9,1.6,0.0,0.3826834323650898,0.0,0.9238795325112867
3floor,train,3,seq3/frame00082.jpeg,1.7,0.9,1.6,0.0,0.7071067811865476,0.0,0.7071067811865476
3floor,train,3,seq3/frame00083.jpeg,1.7,0.3,1.6,0.0,-0.3826834323650898,0.0,0.9238795325112867
3floor,train,3,seq3/frame00084.jpeg,1.7,0.3,1.6,0.0,0.0,0.0,1.0
3floor,train,3,seq3/frame00085.jpeg,1.1,2.1,1.6,0.0,0.0,0.0,1.0
3floor,train,3,seq3/frame00086.jpeg,1.1,2.1,1.6,0.0,0.3826834323650898,0.0,0.9238795325112867
3floor,train,3,seq3/frame00087.jpeg,1.1,1.5,1.6,0.0,-0.7071067811865476,0.0,0.7071067811865476
3floor,train,3,seq3/frame00088.jpeg,1.1,1.5,1.6,0.0,-0.3826834323650898,0.0,0.9238795325112867
3floor,train,3,seq3/frame00089.jpeg,1.1,1.5,1.6,0.0,0.0,0.0,1.0
3floor,train,3,seq3/frame00090.jpeg,1.1,1.5,1.6,0.0,0.3826834323650898,0.0,0.9238795325112867
3floor,train,3,seq3/frame00091.jpeg,1.1,1.5,1.6,0.0,0.7071067811865476,0.0,0.7071067811865476
3floor,train,3,seq3/frame00092.jpeg,1.1,0.9,1.6,0.0,-0.7071067811865476,0.0,0.7071067811865476
3floor,train,3,seq3/frame00093.jpeg,1.1,0.9,1.6,0.0,-0.3826834323650898,0.0,0.9238795325112867
3floor,train,3,seq3/frame00094.jpeg,1.1,0.9,1.6,0.0,0.0,0.0,1.0
3floor,train,3,seq3/frame00095.jpeg,1.1,0.9,1.6,0.0,0.3826834323650898,0.0,0.9238795325112867
3floor,train,3,seq3/frame00096.jpeg,1.1,0.9,1.6,0.0,0.7071067811865476,0.0,0.7071067811865476
3floor,train,3,seq3/frame00097.jpeg,1.1,0.3,1.6,0.0,-0.3826834323650898,0.0,0.9238795325112867
3floor,train,3,seq3/frame00098.jpeg,1.1,0.3,1.6,0.0,0.0,0.0,1.0
3floor,train,3,seq3/frame00099.jpeg,0.5,2.1,1.6,0.0,0.0,0.0,1.0
3floor,train,3,seq3/frame00100.jpeg,0.5,2.1,1.6,0.0,0.3826834323650898,0.0,0.9238795325112867
3floor,train,3,seq3/frame00101.jpeg,0.5,1.5,1.6,0.0,-0.7071067811865476,0.0,0.7071067811865476
3floor,train,3,seq3/frame00102.jpeg,0.5,1.5,1.6,0.0,-0.3826834323650898,0.0,0.9238795325112867
3floor,train,3,seq3/frame00103.jpeg,0.5,1.5,1.6,0.0,0.0,0.0,1.0
3floor,train,3,seq3/frame00104.jpeg,0.5,1.5,1.6,0.0,0.3826834323650898,0.0,0.9238795325112867
3floor,train,3,seq3/frame00105.jpeg,0.5,1.5,1.6,0.0,0.7071067811865476,0.0,0.7071067811865476
3floor,train,3,seq3/frame00106.jpeg,0.5,0.9,1.6,0.0,-0.7071067811865476,0.0,0.7071067811865476
3floor,train,3,seq3/frame00107.jpeg,0.5,0.9,1.6,0.0,-0.3826834323650898,0.0,0.9238795325112867
3floor,train,3,seq3/frame00108.jpeg,0.5,0.9,1.6,0.0,0.0,0.0,1.0
3floor,train,3,seq3/frame00109.jpeg,0.5,0.9,1.6,0.0,0.3826834323650898,0.0,0.9238795325112867
3floor,train,3,seq3/frame00110.jpeg,0.5,0.9,1.6,0.0,0.7071067811865476,0.0,0.7071067811865476
3floor,train,3,seq3/frame00111.jpeg,0.5,0.3,1.6,0.0,-0.3826834323650898,0.0,0.9238795325112867
3floor,train,3,seq3/frame00112.jpeg,0.5,0.3,1.6,0.0,0.0,0.0,1.0
3floor,train,3,seq3/frame00113.jpeg,-0.1,2.1,1.6,0.0,0.0,0.0,1.0
3floor,train,3,seq3/frame00114.jpeg,-0.1,2.1,1.6,0.0,0.3826834323650898,0.0,0.9238795325112867
3floor,train,3,seq3/frame00115.jpeg,-0.1,1.5,1.6,0.0,-0.7071067811865476,0.0,0.7071067811865476
3floor,train,3,seq3/frame00116.jpeg,-0.1,1.5,1.6,0.0,-0.3826834323650898,0.0,0.9238795325112867
3floor,train,3,seq3/frame00117.jpeg,-0.1,1.5,1.6,0.0,0.0,0.0,1.0
3floor,train,3,seq3/frame00118.jpeg,-0.1,1.5,1.6,0.0,0.3826834323650898,0.0,0.9238795325112867
3floor,train,3,seq3/frame00119.jpeg,-0.1,1.5,1.6,0.0,0.7071067811865476,0.0,0.7071067811865476
3floor,train,3,seq3/frame00120.jpeg,-0.1,0.9,1.6,0.0,-0.7071067811865476,0.0,0.7071067811865476
3floor,train,3,seq3/frame00121.jpeg,-0.1,0.9,1.6,0.0,-0.3826834323650898,0.0,0.9238795325112867
3floor,train,3,seq3/frame00122.jpeg,-0.1,0.9,1.6,0.0,0.0,0.0,1.0
3floor,train,3,seq3/frame00123.jpeg,-0.1,0.9,1.6,0.0,0.3826834323650898,0.0,0.9238795325112867
3floor,train,3,seq3/frame00124.jpeg,-0.1,0.9,1.6,0.0,0.7071067811865476,0.0,0.7071067811865476
3floor,train,3,seq3/frame00125.jpeg,-0.1,0.3,1.6,0.0,-0.3826834323650898,0.0,0.9238795325112867
3floor,train,3,seq3/frame00126.jpeg,-0.1,0.3,1.6,0.0,0.0,0.0,1.0
3floor,train,3,seq3/frame00127.jpeg,-0.7,2.1,1.6,0.0,0.0,0.0,1.0
3floor,train,3,seq3/frame00128.jpeg,-0.7,2.1,1.6,0.0,0.3826834323650898,0.0,0.9238795325112867
3floor,train,3,seq3/frame00129.jpeg,-0.7,1.5,1.6,0.0,-0.7071067811865476,0.0,0.7071067811865476
3floor,train,3,seq3/frame00130.jpeg,-0.7,1.5,1.6,0.0,-0.3826834323650898,0.0,0.9238795325112867
3floor,train,3,seq3/frame00131.jpeg,-0.7,1.5,1.6,0.0,0.0,0.0,1.0
3floor,train,3,seq3/frame00132.jpeg,-0.7,1.5,1.6,0.0,0.3826834323650898,0.0,0.9238795325112867
3floor,train,3,seq3/frame00133.jpeg,-0.7,1.5,1.6,0.0,0.7071067811865476,0.0,0.7071067811865476
3floor,train,3,seq3/frame00134.jpeg,-0.7,0.9,1.6,0.0,-0.7071067811865476,0.0,0.7071067811865476
3floor,train,3,seq3/frame00135.jpeg,-0.7,0.9,1.6,0.0,-0.3826834323650898,0.0,0.9238795325112867
3floor,train,3,seq3/frame00136.jpeg,-0.7,0.9,1.6,0.0,0.0,0.0,1.0
3floor,train,3,seq3/frame00137.jpeg,-0.7,0.9,1.6,0.0,0.3826834323650898,0.0,0.9238795325112867
3floor,train,3,seq3/frame00138.jpeg,-0.7,0.9,1.6,0.0,0.7071067811865476,0.0,0.7071067811865476
3floor,train,3,seq3/frame00139.jpeg,-0.7,0.3,1.6,0.0,-0.3826834323650898,0.0,0.9238795325112867
3floor,train,3,seq3/frame00140.jpeg,-0.7,0.3,1.6,0.0,0.0,0.0,1.0
3floor,train,3,seq3/frame00141.jpeg,-1.3,2.1,1.6,0.0,0.0,0.0,1.0
3floor,train,3,seq3/frame00142.jpeg,-1.3,2.1,1.6,0.0,0.3826834323650898,0.0,0.9238795325112867
3floor,train,3,seq3/frame00143.jpeg,-1.3,1.5,1.6,0.0,-0.7071067811865476,0.0,0.7071067811865476
3floor,train,3,seq3/frame00144.jpeg,-1.3,1.5,1.6,0.0,-0.3826834323650898,0.0,0.9238795325112867
3floor,train,3,seq3/frame00145.jpeg,-1.3,1.5,1.6,0.0,0.0,0.0,1.0
3floor,train,3,seq3/frame00146.jpeg,-1.3,1.5,1.6,0.0,0.3826834323650898,0.0,0.9238795325112867
3floor,train,3,seq3/frame00147.jpeg,-1.3,1.5,1.6,0.0,0.7071067811865476,0.0,0.7071067811865476
3floor,train,3,seq3/frame00148.jpeg,-1.3,0.9,1.6,0.0,-0.7071067811865476,0.0,0.7071067811865476
3floor,train,3,seq3/frame00149.jpeg,-1.3,0.9,1.6,0.0,-0.3826834323650898,0.0,0.9238795325112867
3floor,train,3,seq3/frame00150.jpeg,-1.3,0.9,1.6,0.0,0.0,0.0,1.0
3floor,train,3,seq3/frame00151.jpeg,-1.3,0.9,1.6,0.0,0.3826834323650898,0.0,0.9238795325112867
3floor,train,3,seq3/frame00152.jpeg,-1.3,0.9,1.6,0.0,0.7071067811865476,0.0,0.7071067811865476
3floor,train,3,seq3/frame00153.jpeg,-1.3,0.3,1.6,0.0,-0.3826834323650898,0.0,0.9238795325112867
3floor,train,3,seq3/frame00154.jpeg,-1.3,0.3,1.6,0.0,0.0,0.0,1.0
3floor,train,3,seq3/frame00155.jpeg,-1.9,2.1,1.6,0.0,0.0,0.0,1.0
3floor,train,3,seq3/frame00156.jpeg,-1.9,2.1,1.6,0.0,0.3826834323650898,0.0,0.9238795325112867
3floor,train,3,seq3/frame00157.jpeg,-1.9,1.5,1.6,0.0,-0.7071067811865476,0.0,0.7071067811865476
3floor,train,3,seq3/frame00158.jpeg,-1.9,1.5,1.6,0.0,-0.3826834323650898,0.0,0.9238795325112867
3floor,train,3,seq3/frame00159.jpeg,-1.9,1.5,1.6,0.0,0.0,0.0,1.0
3floor,train,3,seq3/frame00160.jpeg,-1.9,1.5,1.6,0.0,0.3826834323650898,0.0,0.9238795325112867
3floor,train,3,seq3/frame00161.jpeg,-1.9,1.5,1.6,0.0,0.7071067811865476,0.0,0.7071067811865476
3floor,train,3,seq3/frame00162.jpeg,-1.9,0.9,1.6,0.0,-0.7071067811865476,0.0,0.7071067811865476
3floor,train,3,seq3/frame00163.jpeg,-1.9,0.9,1.6,0.0,-0.3826834323650898,0.0,0.9238795325112867
3floor,train,3,seq3/frame00164.jpeg,-1.9,0.9,1.6,0.0,0.0,0.0,1.0
3floor,train,3,seq3/frame00165.jpeg,-1.9,0.9,1.6,0.0,0.3826834323650898,0.0,0.9238795325112867
3floor,train,3,seq3/frame00166.jpeg,-1.9,0.9,1.6,0.0,0.7071067811865476,0.0,0.7071067811865476
3floor,train,3,seq3/frame00167.jpeg,-1.9,0.3,1.6,0.0,-0.3826834323650898,0.0,0.9238795325112867
3floor,train,3,seq3/frame00168.jpeg,-1.9,0.3,1.6,0.0,0.0,0.0,1.0
3floor,train,3,seq3/frame00169.jpeg,-2.5,2.1,1.6,0.0,0.0,0.0,1.0
3floor,train,3,seq3/frame00170.jpeg,-2.5,2.1,1.6,0.0,0.3826834323650898,0.0,0.9238795325112867
3floor,train,3,seq3/frame00171.jpeg,-2.5,1.5,1.6,0.0,-0.7071067811865476,0.0,0.7071067811865476
3floor,train,3,seq3/frame00172.jpeg,-2.5,1.5,1.6,0.0,-0.3826834323650898,0.0,0.9238795325112867
3floor,train,3,seq3/frame00173.jpeg,-2.5,1.5,1.6,0.0,0.0,0.0,1.0
3floor,train,3,seq3/frame00174.jpeg,-2.5,1.5,1.6,0.0,0.3826834323650898,0.0,0.9238795325112867
3floor,train,3,seq3/frame00175.jpeg,-2.5,1.5,1.6,0.0,0.7071067811865476,0.0,0.7071067811865476
3floor,train,3,seq3/frame00176.jpeg,-2.5,0.9,1.6,0.0,-0.7071067811865476,0.0,0.7071067811865476
3floor,train,3,seq3/frame00177.jpeg,-2.5,0.9,1.6,0.0,-0.3826834323650898,0.0,0.9238795325112867
3floor,train,3,seq3/frame00178.jpeg,-2.5,0.9,1.6,0.0,0.0,0.0,1.0
3floor,train,3,seq3/frame00179.jpeg,-2.5,0.9,1.6,0.0,0.3826834323650898,0.0,0.9238795325112867
3floor,train,3,seq3/frame00180.jpeg,-2.5,0.9,1.6,0.0,0.7071067811865476,0.0,0.7071067811865476
3floor,train,3,seq3/frame00181.jpeg,-2.5,0.3,1.6,0.0,-0.3826834323650898,0.0,0.9238795325112867
3floor,train,3,seq3/frame00182.jpeg,-2.5,0.3,1.6,0.0,0.0,0.0,1.0
3floor,train,3,seq3/frame00183.jpeg,-3.1,2.1,1.6,0.0,0.0,0.0,1.0
3floor,train,3,seq3/frame00184.jpeg,-3.1,2.1,1.6,0.0,0.3826834323650898,0.0,0.9238795325112867
3floor,train,3,seq3/frame00185.jpeg,-3.1,1.5,1.6,0.0,-0.7071067811865476,0.0,0.7071067811865476
3floor,train,3,seq3/frame00186.jpeg,-3.1,1.5,1.6,0.0,-0.3826834323650898,0.0,0.9238795325112867
3floor,train,3,seq3/frame00187.jpeg,-3.1,1.5,1.6,0.0,0.0,0.0,1.0
3floor,train,3,seq3/frame00188.jpeg,-3.1,1.5,1.6,0.0,0.3826834323650898,0.0,0.9238795325112867
3floor,train,3,seq3/frame00189.jpeg,-3.1,1.5,1.6,0.0,0.7071067811865476,0.0,0.7071067811865476
3floor,train,3,seq3/frame00190.jpeg,-3.1,0.9,1.6,0.0,-0.7071067811865476,0.0,0.7071067811865476
3floor,train,3,seq3/frame00191.jpeg,-3.1,0.9,1.6,0.0,-0.3826834323650898,0.0,0.9238795325112867
3floor,train,3,seq3/frame00192.jpeg,-3.1,0.9,1.6,0.0,0.0,0.0,1.0
3floor,train,3,seq3/frame00193.jpeg,-3.1,0.9,1.6,0.0,0.3826834323650898,0.0,0.9238795325112867
3floor,train,3,seq3/frame00194.jpeg,-3.1,0.9,1.6,0.0,0.7071067811865476,0.0,0.7071067811865476
3floor,train,3,seq3/frame00195.jpeg,-3.1,0.3,1.6,0.0,-0.3826834323650898,0.0,0.9238795325112867
3floor,train,3,seq3/frame00196.jpeg,-3.1,0.3,1.6,0.0,0.0,0.0,1.0
3floor,train,3,seq3/frame00197.jpeg,-3.7,2.1,1.6,0.0,0.0,0.0,1.0
3floor,train,3,seq3/frame00198.jpeg,-3.7,2.1,1.6,0.0,0.3826834323650898,0.0,0.9238795325112867
3floor,train,3,seq3/frame00199.jpeg,-3.7,1.5,1.6,0.0,-0.7071067811865476,0.0,0.7071067811865476
3floor,train,3,seq3/frame00200.jpeg,-3.7,1.5,1.6,0.0,-0.3826834323650898,0.0,0.9238795325112867
3floor,train,3,seq3/frame00201.jpeg,-3.7,1.5,1.6,0.0,0.0,0.0,1.0
3floor,train,3,seq3/frame00202.jpeg,-3.7,1.5,1.6,0.0,0.3826834323650898,0.0,0.9238795325112867
3floor,train,3,seq3/frame00203.jpeg,-3.7,1.5,1.6,0.0,0.7071067811865476,0.0,0.7071067811865476
3floor,train,3,seq3/frame00204.jpeg,-3.7,0.9,1.6,0.0,-0.7071067811865476,0.0,0.7071067811865476
3floor,train,3,seq3/frame00205.jpeg,-3.7,0.9,1.6,0.0,-0.3826834323650898,0.0,0.9238795325112867
3floor,train,3,seq3/frame00206.jpeg,-3.7,0.9,1.6,0.0,0.0,0.0,1.0
3floor,train,3,seq3/frame00207.jpeg,-3.7,0.9,1.6,0.0,0.3826834323650898,0.0,0.9238795325112867
3floor,train,3,seq3/frame00208.jpeg,-3.7,0.9,1.6,0.0,0.7071067811865476,0.0,0.7071067811865476
3floor,train,3,seq3/frame00209.jpeg,-3.7,0.3,1.6,0.0,-0.3826834323650898,0.0,0.9238795325112867
3floor,train,3,seq3/frame00210.jpeg,-3.7,0.3,1.6,0.0,0.0,0.0,1.0
3floor,train,3,seq3/frame00211.jpeg,-4.3,2.1,1.6,0.0,0.0,0.0,1.0
3floor,train,3,seq3/frame00212.jpeg,-4.3,2.1,1.6,0.0,0.3826834323650898,0.0,0.9238795325112867
3floor,train,3,seq3/frame00213.jpeg,-4.3,1.5,1.6,0.0,-0.7071067811865476,0.0,0.7071067811865476
3floor,train,3,seq3/frame00214.jpeg,-4.3,1.5,1.6,0.0,-0.3826834323650898,0.0,0.9238795325112867
3floor,train,3,seq3/frame00215.jpeg,-4.3,1.5,1.6,0.0,0.0,0.0,1.0
3floor,train,3,seq3/frame00216.jpeg,-4.3,1.5,1.6,0.0,0.3826834323650898,0.0,0.9238795325112867
3floor,train,3,seq3/frame00217.jpeg,-4.3,1.5,1.6,0.0,0.7071067811865476,0.0,0.7071067811865476
3floor,train,3,seq3/frame00218.jpeg,-4.3,0.9,1.6,0.0,-0.7071067811865476,0.0,0.7071067811865476
3floor,train,3,seq3/frame00219.jpeg,-4.3,0.9,1.6,0.0,-0.3826834323650898,0.0,0.9238795325112867
3floor,train,3,seq3/frame00220.jpeg,-4.3,0.9,1.6,0.0,0.0,0.0,1.0
3floor,train,3,seq3/frame00221.jpeg,-4.3,0.9,1.6,0.0,0.3826834323650898,0.0,0.9238795325112867
3floor,train,3,seq3/frame00222.jpeg,-4.3,0.9,1.6,0.0,0.7071067811865476,0.0,0.7071067811865476
3floor,train,3,seq3/frame00223.jpeg,-4.3,0.3,1.6,0.0,-0.3826834323650898,0.0,0.9238795325112867
3floor,train,3,seq3/frame00224.jpeg,-4.3,0.3,1.6,0.0,0.0,0.0,1.0
3floor,train,3,seq3/frame00225.jpeg,-4.9,2.1,1.6,0.0,0.0,0.0,1.0
3floor,train,3,seq3/frame00226.jpeg,-4.9,2.1,1.6,0.0,0.3826834323650898,0.0,0.9238795325112867
3floor,train,3,seq3/frame00227.jpeg,-4.9,1.5,1.6,0.0,-0.7071067811865476,0.0,0.7071067811865476
3floor,train,3,seq3/frame00228.jpeg,-4.9,1.5,1.6,0.0,-0.3826834323650898,0.0,0.9238795325112867
3floor,train,3,seq3/frame00229.jpeg,-4.9,1.5,1.6,0.0,0.0,0.0,1.0
3floor,train,3,seq3/frame00230.jpeg,-4.9,1.5,1.6,0.0,0.3826834323650898,0.0,0.9238795325112867
3floor,train,3,seq3/frame00231.jpeg,-4.9,1.5,1.6,0.0,0.7071067811865476,0.0,0.7071067811865476
3floor,train,3,seq3/frame00232.jpeg,-4.9,0.9,1.6,0.0,-0.7071067811865476,0.0,0.7071067811865476
3floor,train,3,seq3/frame00233.jpeg,-4.9,0.9,1.6,0.0,-0.3826834323650898,0.0,0.9238795325112867
3floor,train,3,seq3/frame00234.jpeg,-4.9,0.9,1.6,0.0,0.0,0.0,1.0
3floor,train,3,seq3/frame00235.jpeg,-4.9,0.9,1.6,0.0,0.3826834323650898,0.0,0.9238795325112867
3floor,train,3,seq3/frame00236.jpeg,-4.9,0.9,1.6,0.0,0.7071067811865476,0.0,0.7071067811865476
3floor,train,3,seq3/frame00237.jpeg,-4.9,0.3,1.6,0.0,-0.3826834323650898,0.0,0.9238795325112867
3floor,train,3,seq3/frame00238.jpeg,-4.9,0.3,1.6,0.0,0.0,0.0,1.0
3floor,train,3,seq3/frame00239.jpeg,-5.5,2.1,1.6,0.0,0.0,0.0,1.0
3floor,train,3,seq3/frame00240.jpeg,-5.5,2.1,1.6,0.0,0.3826834323650898,0.0,0.9238795325112867
3floor,train,3,seq3/frame00241.jpeg,-5.5,1.5,1.6,0.0,-0.7071067811865476,0.0,0.7071067811865476
3floor,train,3,seq3/frame00242.jpeg,-5.5,1.5,1.6,0.0,-0.3826834323650898,0.0,0.9238795325112867
3floor,train,3,seq3/frame00243.jpeg,-5.5,1.5,1.6,0.0,0.0,0.0,1.0
3floor,train,3,seq3/frame00244.jpeg,-5.5,1.5,1.6,0.0,0.3826834323650898,0.0,0.9238795325112867
3floor,train,3,seq3/frame00245.jpeg,-5.5,1.5,1.6,0.0,0.7071067811865476,0.0,0.7071067811865476
3floor,train,3,seq3/frame00246.jpeg,-5.5,0.9,1.6,0.0,-0.7071067811865476,0.0,0.7071067811865476
3floor,train,3,seq3/frame00247.jpeg,-5.5,0.9,1.6,0.0,-0.3826834323650898,0.0,0.9238795325112867
3floor,train,3,seq3/frame00248.jpeg,-5.5,0.9,1.6,0.0,0.0,0.0,1.0
3floor,train,3,seq3/frame00249.jpeg,-5.5,0.9,1.6,0.0,0.3826834323650898,0.0,0.9238795325112867
3floor,train,3,seq3/frame00250.jpeg,-5.5,0.9,1.6,0.0,0.7071067811865476,0.0,0.7071067811865476
3floor,train,3,seq3/frame00251.jpeg,-5.5,0.3,1.6,0.0,-0.3826834323650898,0.0,0.9238795325112867
3floor,train,3,seq3/frame00252.jpeg,-5.5,0.3,1.6,0.0,0.0,0.0,1.0
3floor,train,3,seq3/frame00253.jpeg,-6.1,2.1,1.6,0.0,0.0,0.0,1.0
3floor,train,3,seq3/frame00254.jpeg,-6.1,2.1,1.6,0.0,0.3826834323650898,0.0,0.9238795325112867
3floor,train,3,seq3/frame00255.jpeg,-6.1,1.5,1.6,0.0,-0.7071067811865476,0.0,0.7071067811865476
3floor,train,3,seq3/frame00256.jpeg,-6.1,1.5,1.6,0.0,-0.3826834323650898,0.0,0.9238795325112867
3floor,train,3,seq3/frame00257.jpeg,-6.1,1.5,1.6,0.0,0.0,0.0,1.0
3floor,train,3,seq3/frame00258.jpeg,-6.1,1.5,1.6,0.0,0.3826834323650898,0.0,0.9238795325112867
3floor,train,3,seq3/frame00259.jpeg,-6.1,1.5,1.6,0.0,0.7071067811865476,0.0,0.7071067811865476
3floor,train,3,seq3/frame00260.jpeg,-6.1,0.9,1.6,0.0,-0.7071067811865476,0.0,0.7071067811865476
3floor,train,3,seq3/frame00261.jpeg,-6.1,0.9,1.6,0.0,-0.3826834323650898,0.0,0.9238795325112867
3floor,train,3,seq3/frame00262.jpeg,-6.1,0.9,1.6,0.0,0.0,0.0,1.0
3floor,train,3,seq3/frame00263.jpeg,-6.1,0.9,1.6,0.0,0.3826834323650898,0.0,0.9238795325112867
3floor,train,3,seq3/frame00264.jpeg,-6.1,0.9,1.6,0.0,0.7071067811865476,0.0,0.7071067811865476
3floor,train,3,seq3/frame00265.jpeg,-6.1,0.3,1.6,0.0,-0.3826834323650898,0.0,0.9238795325112867
3floor,train,3,seq3/frame00266.jpeg,-6.1,0.3,1.6,0.0,0.0,0.0,1.0
3floor,train,3,seq3/frame00267.jpeg,-6.7,2.1,1.6,0.0,0.0,0.0,1.0
3floor,train,3,seq3/frame00268.jpeg,-6.7,2.1,1.6,0.0,0.3826834323650898,0.0,0.9238795325112867
3floor,train,3,seq3/frame00269.jpeg,-6.7,1.5,1.6,0.0,-0.7071067811865476,0.0,0.7071067811865476
3floor,train,3,seq3/frame00270.jpeg,-6.7,1.5,1.6,0.0,-0.3826834323650898,0.0,0.9238795325112867
3floor,train,3,seq3/frame00271.jpeg,-6.7,1.5,1.6,0.0,0.0,0.0,1.0
3floor,train,3,seq3/frame00272.jpeg,-6.7,1.5,1.6,0.0,0.3826834323650898,0.0,0.9238795325112867
3floor,train,3,seq3/frame00273.jpeg,-6.7,1.5,1.6,0.0,0.7071067811865476,0.0,0.7071067811865476
3floor,train,3,seq3/frame00274.jpeg,-6.7,0.9,1.6,0.0,-0.7071067811865476,0.0,0.7071067811865476
3floor,train,3,seq3/frame00275.jpeg,-6.7,0.9,1.6,0.0,-0.3826834323650898,0.0,0.9238795325112867
3floor,train,3,seq3/frame00276.jpeg,-6.7,0.9,1.6,0.0,0.0,0.0,1.0
3floor,train,3,seq3/frame00277.jpeg,-6.7,0.9,1.6,0.0,0.3826834323650898,0.0,0.9238795325112867
3floor,train,3,seq3/frame00278.jpeg,-6.7,0.9,1.6,0.0,0.7071067811865476,0.0,0.7071067811865476
3floor,train,3,seq3/frame00279.jpeg,-6.7,0.3,1.6,0.0,-0.3826834323650898,0.0,0.9238795325112867
3floor,train,3,seq3/frame00280.jpeg,-6.7,0.3,1.6,0.0,0.0,0.0,1.0
3floor,train,3,seq3/frame00281.jpeg,-7.3,2.1,1.6,0.0,0.0,0.0,1.0
3floor,train,3,seq3/frame00282.jpeg,-7.3,2.1,1.6,0.0,0.3826834323650898,0.0,0.9238795325112867
3floor,train,3,seq3/frame00283.jpeg,-7.3,1.5,1.6,0.0,-0.7071067811865476,0.0,0.7071067811865476
3floor,train,3,seq3/frame00284.jpeg,-7.3,1.5,1.6,0.0,-0.3826834323650898,0.0,0.9238795325112867
3floor,train,3,seq3/frame00285.jpeg,-7.3,1.5,1.6,0.0,0.0,0.0,1.0
3floor,train,3,seq3/frame00286.jpeg,-7.3,1.5,1.6,0.0,0.3826834323650898,0.0,0.9238795325112867
3floor,train,3,seq3/frame00287.jpeg,-7.3,1.5,1.6,0.0,0.7071067811865476,0.0,0.7071067811865476
3floor,train,3,seq3/frame00288.jpeg,-7.3,0.9,1.6,0.0,-0.7071067811865476,0.0,0.7071067811865476
3floor,train,3,seq3/frame00289.jpeg,-7.3,0.9,1.6,0.0,-0.3826834323650898,0.0,0.9238795325112867
3floor,train,3,seq3/frame00290.jpeg,-7.3,0.9,1.6,0.0,0.0,0.0,1.0
3floor,train,3,seq3/frame00291.jpeg,-7.3,0.9,1.6,0.0,0.3826834323650898,0.0,0.9238795325112867
3floor,train,3,seq3/frame00292.jpeg,-7.3,0.9,1.6,0.0,0.7071067811865476,0.0,0.7071067811865476
3floor,train,3,seq3/frame00293.jpeg,-7.3,0.3,1.6,0.0,-0.3826834323650898,0.0,0.9238795325112867
3floor,train,3,seq3/frame00294.jpeg,-7.3,0.3,1.6,0.0,0.0,0.0,1.0
3floor,train,3,seq3/frame00295.jpeg,-7.9,2.1,1.6,0.0,0.0,0.0,1.0
3floor,train,3,seq3/frame00296.jpeg,-7.9,2.1,1.6,0.0,0.3826834323650898,0.0,0.9238795325112867
3floor,train,3,seq3/frame00297.jpeg,-7.9,1.5,1.6,0.0,-0.7071067811865476,0.0,0.7071067811865476
3floor,train,3,seq3/frame00298.jpeg,-7.9,1.5,1.6,0.0,-0.3826834323650898,0.0,0.9238795325112867
3floor,train,3,seq3/frame00299.jpeg,-7.9,1.5,1.6,0.0,0.0,0.0,1.0
3floor,train,3,seq3/frame00300.jpeg,-7.9,1.5,1.6,0.0,0.3826834323650898,0.0,0.9238795325112867
3floor,train,3,seq3/frame00301.jpeg,-7.9,1.5,1.6,0.0,0.7071067811865476,0.0,0.7071067811865476
3floor,train,3,seq3/frame00302.jpeg,-7.9,0.9,1.6,0.0,-0.7071067811865476,0.0,0.7071067811865476
3floor,train,3,seq3/frame00303.jpeg,-7.9,0.9,1.6,0.0,-0.3826834323650898,0.0,0.9238795325112867
3floor,train,3,seq3/frame00304.jpeg,-7.9,0.9,1.6,0.0,0.0,0.0,1.0
3floor,train,3,seq3/frame00305.jpeg,-7.9,0.9,1.6,0.0,0.3826834323650898,0.0,0.9238795325112867
3floor,train,3,seq3/frame00306.jpeg,-7.9,0.9,1.6,0.0,0.7071067811865476,0.0,0.7071067811865476
3floor,train,3,seq3/frame00307.jpeg,-7.9,0.3,1.6,0.0,-0.3826834323650898,0.0,0.9238795325112867
3floor,train,3,seq3/frame00308.jpeg,-7.9,0.3,1.6,0.0,0.0,0.0,1.0
3floor,train,3,seq3/frame00309.jpeg,-8.5,2.1,1.6,0.0,0.0,0.0,1.0
3floor,train,3,seq3/frame00310.jpeg,-8.5,2.1,1.6,0.0,0.3826834323650898,0.0,0.9238795325112867
3floor,train,3,seq3/frame00311.jpeg,-8.5,1.5,1.6,0.0,-0.7071067811865476,0.0,0.7071067811865476
3floor,train,3,seq3/frame00312.jpeg,-8.5,1.5,1.6,0.0,-0.3826834323650898,0.0,0.9238795325112867
3floor,train,3,seq3/frame00313.jpeg,-8.5,1.5,1.6,0.0,0.0,0.0,1.0
3floor,train,3,seq3/frame00314.jpeg,-8.5,1.5,1.6,0.0,0.3826834323650898,0.0,0.9238795325112867
3floor,train,3,seq3/frame00315.jpeg,-8.5,1.5,1.6,0.0,0.7071067811865476,0.0,0.7071067811865476
3floor,train,3,seq3/frame00316.jpeg,-8.5,0.9,1.6,0.0,-0.7071067811865476,0.0,0.7071067811865476
3floor,train,3,seq3/frame00317.jpeg,-8.5,0.9,1.6,0.0,-0.3826834323650898,0.0,0.9238795325112867
3floor,train,3,seq3/frame00318.jpeg,-8.5,0.9,1.6,0.0,0.0,0.0,1.0
3floor,train,3,seq3/frame00319.jpeg,-8.5,0.9,1.6,0.0,0.3826834323650898,0.0,0.9238795325112867
3floor,train,3,seq3/frame00320.jpeg,-8.5,0.9,1.6,0.0,0.7071067811865476,0.0,0.7071067811865476
3floor,train,3,seq3/frame00321.jpeg,-8.5,0.3,1.6,0.0,-0.3826834323650898,0.0,0.9238795325112867
3floor,train,3,seq3/frame00322.jpeg,-8.5,0.3,1.6,0.0,0.0,0.0,1.0
3floor,train,3,seq3/frame00323.jpeg,-9.1,2.1,1.6,0.0,0.0,0.0,1.0
3floor,train,3,seq3/frame00324.jpeg,-9.1,2.1,1.6,0.0,0.3826834323650898,0.0,0.9238795325112867
3floor,train,3,seq3/frame00325.jpeg,-9.1,1.5,1.6,0.0,-0.7071067811865476,0.0,0.7071067811865476
3floor,train,3,seq3/frame00326.jpeg,-9.1,1.5,1.6,0.0,-0.3826834323650898,0.0,0.9238795325112867
3floor,train,3,seq3/frame00327.jpeg,-9.1,1.5,1.6,0.0,0.0,0.0,1.0
3floor,train,3,seq3/frame00328.jpeg,-9.1,1.5,1.6,0.0,0.3826834323650898,0.0,0.9238795325112867
3floor,train,3,seq3/frame00329.jpeg,-9.1,1.5,1.6,0.0,0.7071067811865476,0.0,0.7071067811865476
3floor,train,3,seq3/frame00330.jpeg,-9.1,0.9,1.6,0.0,-0.7071067811865476,0.0,0.7071067811865476
3floor,train,3,seq3/frame00331.jpeg,-9.1,0.9,1.6,0.0,-0.3826834323650898,0.0,0.9238795325112867
3floor,train,3,seq3/frame00332.jpeg,-9.1,0.9,1.6,0.0,0.0,0.0,1.0
3floor,train,3,seq3/frame00333.jpeg,-9.1,0.9,1.6,0.0,0.3826834323650898,0.0,0.9238795325112867
3floor,train,3,seq3/frame00334.jpeg,-9.1,0.9,1.6,0.0,0.7071067811865476,0.0,0.7071067811865476
3floor,train,3,seq3/frame00335.jpeg,-9.1,0.3,1.6,0.0,-0.3826834323650898,0.0,0.9238795325112867
3floor,train,3,seq3/frame00336.jpeg,-9.1,0.3,1.6,0.0,0.0,0.0,1.0
3floor,train,3,seq3/frame00337.jpeg,-9.7,2.1,1.6,0.0,0.0,0.0,1.0
3floor,train,3,seq3/frame00338.jpeg,-9.7,2.1,1.6,0.0,0.3826834323650898,0.0,0.9238795325112867
3floor,train,3,seq3/frame00339.jpeg,-9.7,1.5,1.6,0.0,-0.7071067811865476,0.0,0.7071067811865476
3floor,train,3,seq3/frame00340.jpeg,-9.7,1.5,1.6,0.0,-0.3826834323650898,0.0,0.9238795325112867
3floor,train,3,seq3/frame00341.jpeg,-9.7,1.5,1.6,0.0,0.0,0.0,1.0
3floor,train,3,seq3/frame00342.jpeg,-9.7,1.5,1.6,0.0,0.3826834323650898,0.0,0.9238795325112867
3floor,train,3,seq3/frame00343.jpeg,-9.7,1.5,1.6,0.0,0.7071067811865476,0.0,0.7071067811865476
3floor,train,3,seq3/frame00344.jpeg,-9.7,0.9,1.6,0.0,-0.7071067811865476,0.0,0.7071067811865476
3floor,train,3,seq3/frame00345.jpeg,-9.7,0.9,1.6,0.0,-0.3826834323650898,0.0,0.9238795325112867
3floor,train,3,seq3/frame00346.jpeg,-9.7,0.9,1.6,0.0,0.0,0.0,1.0
3floor,train,3,seq3/frame00347.jpeg,-9.7,0.9,1.6,0.0,0.3826834323650898,0.0,0.9238795325112867
3floor,train,3,seq3/frame00348.jpeg,-9.7,0.9,1.6,0.0,0.7071067811865476,0.0,0.7071067811865476
3floor,train,3,seq3/frame00349.jpeg,-9.7,0.3,1.6,0.0,-0.3826834323650898,0.0,0.9238795325112867
3floor,train,3,seq3/frame00350.jpeg,-9.7,0.3,1.6,0.0,0.0,0.0,1.0
3floor,train,3,seq3/frame00351.jpeg,-10.3,2.1,1.6,0.0,0.0,0.0,1.0
3floor,train,3,seq3/frame00352.jpeg,-10.3,2.1,1.6,0.0,0.3826834323650898,0.0,0.9238795325112867
3floor,train,3,seq3/frame00353.jpeg,-10.3,1.5,1.6,0.0,-0.7071067811865476,0.0,0.7071067811865476
3floor,train,3,seq3/frame00354.jpeg,-10.3,1.5,1.6,0.0,-0.3826834323650898,0.0,0.9238795325112867
3floor,train,3,seq3/frame00355.jpeg,-10.3,1.5,1.6,0.0,0.0,0.0,1.0
3floor,train,3,seq3/frame00356.jpeg,-10.3,1.5,1.6,0.0,0.3826834323650898,0.0,0.9238795325112867
3floor,train,3,seq3/frame00357.jpeg,-10.3,1.5,1.6,0.0,0.7071067811865476,0.0,0.7071067811865476
3floor,train,3,seq3/frame00358.jpeg,-10.3,0.9,1.6,0.0,-0.7071067811865476,0.0,0.7071067811865476
3floor,train,3,seq3/frame00359.jpeg,-10.3,0.9,1.6,0.0,-0.3826834323650898,0.0,0.9238795325112867
3floor,train,3,seq3/frame00360.jpeg,-10.3,0.9,1.6,0.0,0.0,0.0,1.0
3floor,train,3,seq3/frame00361.jpeg,-10.3,0.9,1.6,0.0,0.3826834323650898,0.0,0.9238795325112867
3floor,train,3,seq3/frame00362.jpeg,-10.3,0.9,1.6,0.0,0.7071067811865476,0.0,0.7071067811865476
3floor,train,3,seq3/frame00363.jpeg,-10.3,0.3,1.6,0.0,-0.3826834323650898,0.0,0.9238795325112867
3floor,train,3,seq3/frame00364.jpeg,-10.3,0.3,1.6,0.0,0.0,0.0,1.0
3floor,train,3,seq3/frame00365.jpeg,-10.9,2.1,1.6,0.0,0.0,0.0,1.0
3floor,train,3,seq3/frame00366.jpeg,-10.9,2.1,1.6,0.0,0.3826834323650898,0.0,0.9238795325112867
3floor,train,3,seq3/frame00367.jpeg,-10.9,1.5,1.6,0.0,-0.7071067811865476,0.0,0.7071067811865476
3floor,train,3,seq3/frame00368.jpeg,-10.9,1.5,1.6,0.0,-0.3826834323650898,0.0,0.9238795325112867
3floor,train,3,seq3/frame00369.jpeg,-10.9,1.5,1.6,0.0,0.0,0.0,1.0
3floor,train,3,seq3/frame00370.jpeg,-10.9,1.5,1.6,0.0,0.3826834323650898,0.0,0.9238795325112867
3floor,train,3,seq3/frame00371.jpeg,-10.9,1.5,1.6,0.0,0.7071067811865476,0.0,0.7071067811865476
3floor,train,3,seq3/frame00372.jpeg,-10.9,0.9,1.6,0.0,-0.7071067811865476,0.0,0.7071067811865476
3floor,train,3,seq3/frame00373.jpeg,-10.9,0.9,1.6,0.0,-0.3826834323650898,0.0,0.9238795325112867
3floor,train,3,seq3/frame00374.jpeg,-10.9,0.9,1.6,0.0,0.0,0.0,1.0
3floor,train,3,seq3/frame00375.jpeg,-10.9,0.9,1.6,0.0,0.3826834323650898,0.0,0.9238795325112867
3floor,train,3,seq3/frame00376.jpeg,-10.9,0.9,1.6,0.0,0.7071067811865476,0.0,0.7071067811865476
3floor,train,3,seq3/frame00377.jpeg,-10.9,0.3,1.6,0.0,-0.3826834323650898,0.0,0.9238795325112867
3floor,train,3,seq3/frame00378.jpeg,-10.9,0.3,1.6,0.0,0.0,0.0,1.0
3floor,train,3,seq3/frame00379.jpeg,-11.5,2.1,1.6,0.0,0.0,0.0,1.0
3floor,train,3,seq3/frame00380.jpeg,-11.5,2.1,1.6,0.0,0.3826834323650898,0.0,0.9238795325112867
3floor,train,3,seq3/frame00381.jpeg,-11.5,1.5,1.6,0.0,-0.7071067811865476,0.0,0.7071067811865476
3floor,train,3,seq3/frame00382.jpeg,-11.5,1.5,1.6,0.0,-0.3826834323650898,0.0,0.9238795325112867
3floor,train,3,seq3/frame00383.jpeg,-11.5,1.5,1.6,0.0,0.0,0.0,1.0
3floor,train,3,seq3/frame00384.jpeg,-11.5,1.5,1.6,0.0,0.3826834323650898,0.0,0.9238795325112867
3floor,train,3,seq3/frame00385.jpeg,-11.5,1.5,1.6,0.0,0.7071067811865476,0.0,0.7071067811865476
3floor,train,3,seq3/frame00386.jpeg,-11.5,0.9,1.6,0.0,-0.7071067811865476,0.0,0.7071067811865476
3floor,train,3,seq3/frame00387.jpeg,-11.5,0.9,1.6,0.0,-0.3826834323650898,0.0,0.9238795325112867
3floor,train,3,seq3/frame00388.jpeg,-11.5,0.9,1.6,0.0,0.0,0.0,1.0
3floor,train,3,seq3/frame00389.jpeg,-11.5,0.9,1.6,0.0,0.3826834323650898,0.0,0.9238795325112867
3floor,train,3,seq3/frame00390.jpeg,-11.5,0.9,1.6,0.0,0.7071067811865476,0.0,0.7071067811865476
3floor,train,3,seq3/frame00391.jpeg,-11.5,0.3,1.6,0.0,-0.3826834323650898,0.0,0.9238795325112867
3floor,train,3,seq3/frame00392.jpeg,-11.5,0.3,1.6,0.0,0.0,0.0,1.0
3floor,train,3,seq3/frame00393.jpeg,-12.1,2.1,1.6,0.0,0.0,0.0,1.0
3floor,train,3,seq3/frame00394.jpeg,-12.1,2.1,1.6,0.0,0.3826834323650898,0.0,0.9238795325112867
3floor,train,3,seq3/frame00395.jpeg,-12.1,1.5,1.6,0.0,-0.7071067811865476,0.0,0.7071067811865476
3floor,train,3,seq3/frame00396.jpeg,-12.1,1.5,1.6,0.0,-0.3826834323650898,0.0,0.9238795325112867
3floor,train,3,seq3/frame00397.jpeg,-12.1,1.5,1.6,0.0,0.0,0.0,1.0
3floor,train,3,seq3/frame00398.jpeg,-12.1,1.5,1.6,0.0,0.3826834323650898,0.0,0.9238795325112867
3floor,train,3,seq3/frame00399.jpeg,-12.1,1.5,1.6,0.0,0.7071067811865476,0.0,0.7071067811865476
3floor,train,3,seq3/frame00400.jpeg,-12.1,0.9,1.6,0.0,-0.7071067811865476,0.0,0.7071067811865476
3floor,train,3,seq3/frame00401.jpeg,-12.1,0.9,1.6,0.0,-0.3826834323650898,0.0,0.9238795325112867
3floor,train,3,seq3/frame00402.jpeg,-12.1,0.9,1.6,0.0,0.0,0.0,1.0
3floor,train,3,seq3/frame00403.jpeg,-12.1,0.9,1.6,0.0,0.3826834323650898,0.0,0.9238795325112867
3floor,train,3,seq3/frame00404.jpeg,-12.1,0.9,1.6,0.0,0.7071067811865476,0.0,0.7071067811865476
3floor,train,3,seq3/frame00405.jpeg,-12.1,0.3,1.6,0.0,-0.3826834323650898,0.0,0.9238795325112867
3floor,train,3,seq3/frame00406.jpeg,-12.1,0.3,1.6,0.0,0.0,0.0,1.0
3floor,train,3,seq3/frame00407.jpeg,-12.7,2.1,1.6,0.0,0.0,0.0,1.0
3floor,train,3,seq3/frame00408.jpeg,-12.7,2.1,1.6,0.0,0.3826834323650898,0.0,0.9238795325112867
3floor,train,3,seq3/frame00409.jpeg,-12.7,1.5,1.6,0.0,-0.7071067811865476,0.0,0.7071067811865476
3floor,train,3,seq3/frame00410.jpeg,-12.7,1.5,1.6,0.0,-0.3826834323650898,0.0,0.9238795325112867
3floor,train,3,seq3/frame00411.jpeg,-12.7,1.5,1.6,0.0,0.0,0.0,1.0
3floor,train,3,seq3/frame00412.jpeg,-12.7,1.5,1.6,0.0,0.3826834323650898,0.0,0.9238795325112867
3floor,train,3,seq3/frame00413.jpeg,-12.7,1.5,1.6,0.0,0.7071067811865476,0.0,0.7071067811865476
3floor,train,3,seq3/frame00414.jpeg,-12.7,0.9,1.6,0.0,-0.7071067811865476,0.0,0.7071067811865476
3floor,train,3,seq3/frame00415.jpeg,-12.7,0.9,1.6,0.0,-0.3826834323650898,0.0,0.9238795325112867
3floor,train,3,seq3/frame00416.jpeg,-12.7,0.9,1.6,0.0,0.0,0.0,1.0
3floor,train,3,seq3/frame00417.jpeg,-12.7,0.9,1.6,0.0,0.3826834323650898,0.0,0.9238795325112867
3floor,train,3,seq3/frame00418.jpeg,-12.7,0.9,1.6,0.0,0.7071067811865476,0.0,0.7071067811865476
3floor,train,3,seq3/frame00419.jpeg,-12.7,0.3,1.6,0.0,-0.3826834323650898,0.0,0.9238795325112867
3floor,train,3,seq3/frame00420.jpeg,-12.7,0.3,1.6,0.0,0.0,0.0,1.0
3floor,train,3,seq3/frame00421.jpeg,-13.3,2.1,1.6,0.0,0.0,0.0,1.0
3floor,train,3,seq3/frame00422.jpeg,-13.3,2.1,1.6,0.0,0.3826834323650898,0.0,0.9238795325112867
3floor,train,3,seq3/frame00423.jpeg,-13.3,1.5,1.6,0.0,-0.7071067811865476,0.0,0.7071067811865476
3floor,train,3,seq3/frame00424.jpeg,-13.3,1.5,1.6,0.0,-0.3826834323650898,0.0,0.9238795325112867
3floor,train,3,seq3/frame00425.jpeg,-13.3,1.5,1.6,0.0,0.0,0.0,1.0
3floor,train,3,seq3/frame00426.jpeg,-13.3,1.5,1.6,0.0,0.3826834323650898,0.0,0.9238795325112867
3floor,train,3,seq3/frame00427.jpeg,-13.3,1.5,1.6,0.0,0.7071067811865476,0.0,0.7071067811865476
3floor,train,3,seq3/frame00428.jpeg,-13.3,0.9,1.6,0.0,-0.7071067811865476,0.0,0.7071067811865476
3floor,train,3,seq3/frame00429.jpeg,-13.3,0.9,1.6,0.0,-0.3826834323650898,0.0,0.9238795325112867
3floor,train,3,seq3/frame00430.jpeg,-13.3,0.9,1.6,0.0,0.0,0.0,1.0
3floor,train,3,seq3/frame00431.jpeg,-13.3,0.9,1.6,0.0,0.3826834323650898,0.0,0.9238795325112867
3floor,train,3,seq3/frame00432.jpeg,-13.3,0.9,1.6,0.0,0.7071067811865476,0.0,0.7071067811865476
3floor,train,3,seq3/frame00433.jpeg,-13.3,0.3,1.6,0.0,-0.3826834323650898,0.0,0.9238795325112867
3floor,train,3,seq3/frame00434.jpeg,-13.3,0.3,1.6,0.0,0.0,0.0,1.0
3floor,train,3,seq3/frame00435.jpeg,-13.9,2.1,1.6,0.0,0.0,0.0,1.0
3floor,train,3,seq3/frame00436.jpeg,-13.9,2.1,1.6,0.0,0.3826834323650898,0.0,0.9238795325112867
3floor,train,3,seq3/frame00437.jpeg,-13.9,1.5,1.6,0.0,-0.7071067811865476,0.0,0.7071067811865476
3floor,train,3,seq3/frame00438.jpeg,-13.9,1.5,1.6,0.0,-0.3826834323650898,0.0,0.9238795325112867
3floor,train,3,seq3/frame00439.jpeg,-13.9,1.5,1.6,0.0,0.0,0.0,1.0
3floor,train,3,seq3/frame00440.jpeg,-13.9,1.5,1.6,0.0,0.3826834323650898,0.0,0.9238795325112867
3floor,train,3,seq3/frame00441.jpeg,-13.9,1.5,1.6,0.0,0.7071067811865476,0.0,0.7071067811865476
3floor,train,3,seq3/frame00442.jpeg,-13.9,0.9,1.6,0.0,-0.7071067811865476,0.0,0.7071067811865476
3floor,train,3,seq3/frame00443.jpeg,-13.9,0.9,1.6,0.0,-0.3826834323650898,0.0,0.9238795325112867
3floor,train,3,seq3/frame00444.jpeg,-13.9,0.9,1.6,0.0,0.0,0.0,1.0
3floor,train,3,seq3/frame00445.jpeg,-13.9,0.9,1.6,0.0,0.3826834323650898,0.0,0.9238795325112867
3floor,train,3,seq3/frame00446.jpeg,-13.9,0.9,1.6,0.0,0.7071067811865476,0.0,0.7071067811865476
3floor,train,3,seq3/frame00447.jpeg,-13.9,0.3,1.6,0.0,-0.3826834323650898,0.0,0.9238795325112867
3floor,train,3,seq3/frame00448.jpeg,-13.9,0.3,1.6,0.0,0.0,0.0,1.0
3floor,train,3,seq3/frame00449.jpeg,-14.5,2.1,1.6,0.0,0.0,0.0,1.0
3floor,train,3,seq3/frame00450.jpeg,-14.5,2.1,1.6,0.0,0.3826834323650898,0.0,0.9238795325112867
3floor,train,3,seq3/frame00451.jpeg,-14.5,1.5,1.6,0.0,-0.7071067811865476,0.0,0.7071067811865476
3floor,train,3,seq3/frame00452.jpeg,-14.5,1.5,1.6,0.0,-0.3826834323650898,0.0,0.9238795325112867
3floor,train,3,seq3/frame00453.jpeg,-14.5,1.5,1.6,0.0,0.0,0.0,1.0
3floor,train,3,seq3/frame00454.jpeg,-14.5,1.5,1.6,0.0,0.3826834323650898,0.0,0.9238795325112867
3floor,train,3,seq3/frame00455.jpeg,-14.5,1.5,1.6,0.0,0.7071067811865476,0.0,0.7071067811865476
3floor,train,3,seq3/frame00456.jpeg,-14.5,0.9,1.6,0.0,-0.7071067811865476,0.0,0.7071067811865476
3floor,train,3,seq3/frame00457.jpeg,-14.5,0.9,1.6,0.0,-0.3826834323650898,0.0,0.9238795325112867
3floor,train,3,seq3/frame00458.jpeg,-14.5,0.9,1.6,0.0,0.0,0.0,1.0
3floor,train,3,seq3/frame00459.jpeg,-14.5,0.9,1.6,0.0,0.3826834323650898,0.0,0.9238795325112867
3floor,train,3,seq3/frame00460.jpeg,-14.5,0.9,1.6,0.0,0.7071067811865476,0.0,0.7071067811865476
3floor,train,3,seq3/frame00461.jpeg,-14.5,0.3,1.6,0.0,-0.3826834323650898,0.0,0.9238795325112867
3floor,train,3,seq3/frame00462.jpeg,-14.5,0.3,1.6,0.0,0.0,0.0,1.0
3floor,train,3,seq3/frame00463.jpeg,-15.1,2.1,1.6,0.0,0.0,0.0,1.0
3floor,train,3,seq3/frame00464.jpeg,-15.1,2.1,1.6,0.0,0.3826834323650898,0.0,0.9238795325112867
3floor,train,3,seq3/frame00465.jpeg,-15.1,1.5,1.6,0.0,-0.7071067811865476,0.0,0.7071067811865476
3floor,train,3,seq3/frame00466.jpeg,-15.1,1.5,1.6,0.0,-0.3826834323650898,0.0,0.9238795325112867
3floor,train,3,seq3/frame00467.jpeg,-15.1,1.5,1.6,0.0,0.0,0.0,1.0
3floor,train,3,seq3/frame00468.jpeg,-15.1,1.5,1.6,0.0,0.3826834323650898,0.0,0.9238795325112867
3floor,train,3,seq3/frame00469.jpeg,-15.1,1.5,1.6,0.0,0.7071067811865476,0.0,0.7071067811865476
3floor,train,3,seq3/frame00470.jpeg,-15.1,0.9,1.6,0.0,-0.7071067811865476,0.0,0.7071067811865476
3floor,train,3,seq3/frame00471.jpeg,-15.1,0.9,1.6,0.0,-0.3826834323650898,0.0,0.9238795325112867
3floor,train,3,seq3/frame00472.jpeg,-15.1,0.9,1.6,0.0,0.0,0.0,1.0
3floor,train,3,seq3/frame00473.jpeg,-15.1,0.9,1.6,0.0,0.3826834323650898,0.0,0.9238795325112867
3floor,train,3,seq3/frame00474.jpeg,-15.1,0.9,1.6,0.0,0.7071067811865476,0.0,0.7071067811865476
3floor,train,3,seq3/frame00475.jpeg,-15.1,0.3,1.6,0.0,-0.3826834323650898,0.0,0.9238795325112867
3floor,train,3,seq3/frame00476.jpeg,-15.1,0.3,1.6,0.0,0.0,0.0,1.0
3floor,train,3,seq3/frame00477.jpeg,-15.7,2.1,1.6,0.0,0.0,0.0,1.0
3floor,train,3,seq3/frame00478.jpeg,-15.7,2.1,1.6,0.0,0.3826834323650898,0.0,0.9238795325112867
3floor,train,3,seq3/frame00479.jpeg,-15.7,1.5,1.6,0.0,-0.7071067811865476,0.0,0.7071067811865476
3floor,train,3,seq3/frame00480.jpeg,-15.7,1.5,1.6,0.0,-0.3826834323650898,0.0,0.9238795325112867
3floor,train,3,seq3/frame00481.jpeg,-15.7,1.5,1.6,0.0,0.0,0.0,1.0
3floor,train,3,seq3/frame00482.jpeg,-15.7,1.5,1.6,0.0,0.3826834323650898,0.0,0.9238795325112867
3floor,train,3,seq3/frame00483.jpeg,-15.7,1.5,1.6,0.0,0.7071067811865476,0.0,0.7071067811865476
3floor,train,3,seq3/frame00484.jpeg,-15.7,0.9,1.6,0.0,-0.7071067811865476,0.0,0.7071067811865476
3floor,train,3,seq3/frame00485.jpeg,-15.7,0.9,1.6,0.0,-0.3826834323650898,0.0,0.9238795325112867
3floor,train,3,seq3/frame00486.jpeg,-15.7,0.9,1.6,0.0,0.0,0.0,1.0
3floor,train,3,seq3/frame00487.jpeg,-15.7,0.9,1.6,0.0,0.3826834323650898,0.0,0.9238795325112867
3floor,train,3,seq3/frame00488.jpeg,-15.7,0.9,1.6,0.0,0.7071067811865476,0.0,0.7071067811865476
3floor,train,3,seq3/frame00489.jpeg,-15.7,0.3,1.6,0.0,-0.3826834323650898,0.0,0.9238795325112867
3floor,train,3,seq3/frame00490.jpeg,-15.7,0.3,1.6,0.0,0.0,0.0,1.0
3floor,train,3,seq3/frame00491.jpeg,-16.3,2.1,1.6,0.0,0.0,0.0,1.0
3floor,train,3,seq3/frame00492.jpeg,-16.3,2.1,1.6,0.0,0.3826834323650898,0.0,0.9238795325112867
3floor,train,3,seq3/frame00493.jpeg,-16.3,1.5,1.6,0.0,-0.7071067811865476,0.0,0.7071067811865476
3floor,train,3,seq3/frame00494.jpeg,-16.3,1.5,1.6,0.0,-0.3826834323650898,0.0,0.9238795325112867
3floor,train,3,seq3/frame00495.jpeg,-16.3,1.5,1.6,0.0,0.0,0.0,1.0
3floor,train,3,seq3/frame00496.jpeg,-16.3,1.5,1.6,0.0,0.3826834323650898,0.0,0.9238795325112867
3floor,train,3,seq3/frame00497.jpeg,-16.3,1.5,1.6,0.0,0.7071067811865476,0.0,0.7071067811865476
3floor,train,3,seq3/frame00498.jpeg,-16.3,0.9,1.6,0.0,-0.7071067811865476,0.0,0.7071067811865476
3floor,train,3,seq3/frame00499.jpeg,-16.3,0.9,1.6,0.0,-0.3826834323650898,0.0,0.9238795325112867
3floor,train,3,seq3/frame00500.jpeg,-16.3,0.9,1.6,0.0,0.0,0.0,1.0
3floor,train,3,seq3/frame00501.jpeg,-16.3,0.9,1.6,0.0,0.3826834323650898,0.0,0.9238795325112867
3floor,train,3,seq3/frame00502.jpeg,-16.3,0.9,1.6,0.0,0.7071067811865476,0.0,0.7071067811865476
3floor,train,3,seq3/frame00503.jpeg,-16.3,0.3,1.6,0.0,-0.3826834323650898,0.0,0.9238795325112867
3floor,train,3,seq3/frame00504.jpeg,-16.3,0.3,1.6,0.0,0.0,0.0,1.0
3floor,train,3,seq3/frame00505.jpeg,-16.9,2.1,1.6,0.0,0.0,0.0,1.0
3floor,train,3,seq3/frame00506.jpeg,-16.9,2.1,1.6,0.0,0.3826834323650898,0.0,0.9238795325112867
3floor,train,3,seq3/frame00507.jpeg,-16.9,1.5,1.6,0.0,-0.7071067811865476,0.0,0.7071067811865476
3floor,train,3,seq3/frame00508.jpeg,-16.9,1.5,1.6,0.0,-0.3826834323650898,0.0,0.9238795325112867
3floor,train,3,seq3/frame00509.jpeg,-16.9,1.5,1.6,0.0,0.0,0.0,1.0
3floor,train,3,seq3/frame00510.jpeg,-16.9,1.5,1.6,0.0,0.3826834323650898,0.0,0.9238795325112867
3floor,train,3,seq3/frame00511.jpeg,-16.9,1.5,1.6,0.0,0.7071067811865476,0.0,0.7071067811865476
3floor,train,3,seq3/frame00512.jpeg,-16.9,0.9,1.6,0.0,-0.7071067811865476,0.0,0.7071067811865476
3floor,train,3,seq3/frame00513.jpeg,-16.9,0.9,1.6,0.0,-0.3826834323650898,0.0,0.9238795325112867
3floor,train,3,seq3/frame00514.jpeg,-16.9,0.9,1.6,0.0,0.0,0.0,1.0
3floor,train,3,seq3/frame00515.jpeg,-16.9,0.9,1.6,0.0,0.3826834323650898,0.0,0.9238795325112867
3floor,train,3,seq3/frame00516.jpeg,-16.9,0.9,1.6,0.0,0.7071067811865476,0.0,0.7071067811865476
3floor,train,3,seq3/frame00517.jpeg,-16.9,0.3,1.6,0.0,-0.3826834323650898,0.0,0.9238795325112867
3floor,train,3,seq3/frame00518.jpeg,-16.9,0.3,1.6,0.0,0.0,0.0,1.0
3floor,train,3,seq3/frame00519.jpeg,-17.5,2.1,1.6,0.0,0.0,0.0,1.0
3floor,train,3,seq3/frame00520.jpeg,-17.5,2.1,1.6,0.0,0.3826834323650898,0.0,0.9238795325112867
3floor,train,3,seq3/frame00521.jpeg,-17.5,1.5,1.6,0.0,-0.7071067811865476,0.0,0.7071067811865476
3floor,train,3,seq3/frame00522.jpeg,-17.5,1.5,1.6,0.0,-0.3826834323650898,0.0,0.9238795325112867
3floor,train,3,seq3/frame00523.jpeg,-17.5,1.5,1.6,0.0,0.0,0.0,1.0
3floor,train,3,seq3/frame00524.jpeg,-17.5,1.5,1.6,0.0,0.3826834323650898,0.0,0.9238795325112867
3floor,train,3,seq3/frame00525.jpeg,-17.5,1.5,1.6,0.0,0.7071067811865476,0.0,0.7071067811865476
3floor,train,3,seq3/frame00526.jpeg,-17.5,0.9,1.6,0.0,-0.7071067811865476,0.0,0.7071067811865476
3floor,train,3,seq3/frame00527.jpeg,-17.5,0.9,1.6,0.0,-0.3826834323650898,0.0,0.9238795325112867
3floor,train,3,seq3/frame00528.jpeg,-17.5,0.9,1.6,0.0,0.0,0.0,1.0
3floor,train,3,seq3/frame00529.jpeg,-17.5,0.9,1.6,0.0,0.3826834323650898,0.0,0.9238795325112867
3floor,train,3,seq3/frame00530.jpeg,-17.5,0.9,1.6,0.0,0.7071067811865476,0.0,0.7071067811865476
3floor,train,3,seq3/frame00531.jpeg,-17.5,0.3,1.6,0.0,-0.3826834323650898,0.0,0.9238795325112867
3floor,train,3,seq3/frame00532.jpeg,-17.5,0.3,1.6,0.0,0.0,0.0,1.0
3floor,train,3,seq3/frame00533.jpeg,-18.1,2.1,1.6,0.0,0.0,0.0,1.0
3floor,train,3,seq3/frame00534.jpeg,-18.1,2.1,1.6,0.0,0.3826834323650898,0.0,0.9238795325112867
3floor,train,3,seq3/frame00535.jpeg,-18.1,1.5,1.6,0.0,-0.7071067811865476,0.0,0.7071067811865476
3floor,train,3,seq3/frame00536.jpeg,-18.1,1.5,1.6,0.0,-0.3826834323650898,0.0,0.9238795325112867
3floor,train,3,seq3/frame00537.jpeg,-18.1,1.5,1.6,0.0,0.0,0.0,1.0
3floor,train,3,seq3/frame00538.jpeg,-18.1,1.5,1.6,0.0,0.3826834323650898,0.0,0.9238795325112867
3floor,train,3,seq3/frame00539.jpeg,-18.1,1.5,1.6,0.0,0.7071067811865476,0.0,0.7071067811865476
3floor,train,3,seq3/frame00540.jpeg,-18.1,0.9,1.6,0.0,-0.7071067811865476,0.0,0.7071067811865476
3floor,train,3,seq3/frame00541.jpeg,-18.1,0.9,1.6,0.0,-0.3826834323650898,0.0,0.9238795325112867
3floor,train,3,seq3/frame00542.jpeg,-18.1,0.9,1.6,0.0,0.0,0.0,1.0
3floor,train,3,seq3/frame00543.jpeg,-18.1,0.9,1.6,0.0,0.3826834323650898,0.0,0.9238795325112867
3floor,train,3,seq3/frame00544.jpeg,-18.1,0.9,1.6,0.0,0.7071067811865476,0.0,0.7071067811865476
3floor,train,3,seq3/frame00545.jpeg,-18.1,0.3,1.6,0.0,-0.3826834323650898,0.0,0.9238795325112867
3floor,train,3,seq3/frame00546.jpeg,-18.1,0.3,1.6,0.0,0.0,0.0,1.0
3floor,train,3,seq3/frame00547.jpeg,-18.7,2.1,1.6,0.0,0.0,0.0,1.0
3floor,train,3,seq3/frame00548.jpeg,-18.7,2.1,1.6,0.0,0.3826834323650898,0.0,0.9238795325112867
3floor,train,3,seq3/frame00549.jpeg,-18.7,1.5,1.6,0.0,-0.7071067811865476,0.0,0.7071067811865476
3floor,train,3,seq3/frame00550.jpeg,-18.7,1.5,1.6,0.0,-0.3826834323650898,0.0,0.9238795325112867
3floor,train,3,seq3/frame00551.jpeg,-18.7,1.5,1.6,0.0,0.0,0.0,1.0
3floor,train,3,seq3/frame00552.jpeg,-18.7,1.5,1.6,0.0,0.3826834323650898,0.0,0.9238795325112867
3floor,train,3,seq3/frame00553.jpeg,-18.7,1.5,1.6,0.0,0.7071067811865476,0.0,0.7071067811865476
3floor,train,3,seq3/frame00554.jpeg,-18.7,0.9,1.6,0.0,-0.7071067811865476,0.0,0.7071067811865476
3floor,train,3,seq3/frame00555.jpeg,-18.7,0.9,1.6,0.0,-0.3826834323650898,0.0,0.9238795325112867
3floor,train,3,seq3/frame00556.jpeg,-18.7,0.9,1.6,0.0,0.0,0.0,1.0
3floor,train,3,seq3/frame00557.jpeg,-18.7,0.9,1.6,0.0,0.3826834323650898,0.0,0.9238795325112867
3floor,train,3,seq3/frame00558.jpeg,-18.7,0.9,1.6,0.0,0.7071067811865476,0.0,0.7071067811865476
3floor,train,3,seq3/frame00559.jpeg,-18.7,0.3,1.6,0.0,-0.3826834323650898,0.0,0.9238795325112867
3floor,train,3,seq3/frame00560.jpeg,-18.7,0.3,1.6,0.0,0.0,0.0,1.0
3floor,train,3,seq3/frame00561.jpeg,-19.3,2.1,1.6,0.0,0.0,0.0,1.0
3floor,train,3,seq3/frame00562.jpeg,-19.3,2.1,1.6,0.0,0.3826834323650898,0.0,0.9238795325112867
3floor,train,3,seq3/frame00563.jpeg,-19.3,1.5,1.6,0.0,-0.7071067811865476,0.0,0.7071067811865476
3floor,train,3,seq3/frame00564.jpeg,-19.3,1.5,1.6,0.0,-0.3826834323650898,0.0,0.9238795325112867
3floor,train,3,seq3/frame00565.jpeg,-19.3,1.5,1.6,0.0,0.0,0.0,1.0
3floor,train,3,seq3/frame00566.jpeg,-19.3,1.5,1.6,0.0,0.3826834323650898,0.0,0.9238795325112867
3floor,train,3,seq3/frame00567.jpeg,-19.3,1.5,1.6,0.0,0.7071067811865476,0.0,0.7071067811865476
3floor,train,3,seq3/frame00568.jpeg,-19.3,0.9,1.6,0.0,-0.7071067811865476,0.0,0.7071067811865476
3floor,train,3,seq3/frame00569.jpeg,-19.3,0.9,1.6,0.0,-0.3826834323650898,0.0,0.9238795325112867
3floor,train,3,seq3/frame00570.jpeg,-19.3,0.9,1.6,0.0,0.0,0.0,1.0
3floor,train,3,seq3/frame00571.jpeg,-19.3,0.9,1.6,0.0,0.3826834323650898,0.0,0.9238795325112867
3floor,train,3,seq3/frame00572.jpeg,-19.3,0.9,1.6,0.0,0.7071067811865476,0.0,0.7071067811865476
3floor,train,3,seq3/frame00573.jpeg,-19.3,0.3,1.6,0.0,-0.3826834323650898,0.0,0.9238795325112867
3floor,train,3,seq3/frame00574.jpeg,-19.3,0.3,1.6,0.0,0.0,0.0,1.0
3floor,train,3,seq3/frame00575.jpeg,-19.9,2.1,1.6,0.0,0.0,0.0,1.0
3floor,train,3,seq3/frame00576.jpeg,-19.9,2.1,1.6,0.0,0.3826834323650898,0.0,0.9238795325112867
3floor,train,3,seq3/frame00577.jpeg,-19.9,1.5,1.6,0.0,-0.7071067811865476,0.0,0.7071067811865476
3floor,train,3,seq3/frame00578.jpeg,-19.9,1.5,1.6,0.0,-0.3826834323650898,0.0,0.9238795325112867
3floor,train,3,seq3/frame00579.jpeg,-19.9,1.5,1.6,0.0,0.0,0.0,1.0
3floor,train,3,seq3/frame00580.jpeg,-19.9,1.5,1.6,0.0,0.3826834323650898,0.0,0.9238795325112867
3floor,train,3,seq3/frame00581.jpeg,-19.9,1.5,1.6,0.0,0.7071067811865476,0.0,0.7071067811865476
3floor,train,3,seq3/frame00582.jpeg,-19.9,0.9,1.6,0.0,-0.7071067811865476,0.0,0.7071067811865476
3floor,train,3,seq3/frame00583.jpeg,-19.9,0.9,1.6,0.0,-0.3826834323650898,0.0,0.9238795325112867
3floor,train,3,seq3/frame00584.jpeg,-19.9,0.9,1.6,0.0,0.0,0.0,1.0
3floor,train,3,seq3/frame00585.jpeg,-19.9,0.9,1.6,0.0,0.3826834323650898,0.0,0.9238795325112867
3floor,train,3,seq3/frame00586.jpeg,-19.9,0.9,1.6,0.0,0.7071067811865476,0.0,0.7071067811865476
3floor,train,3,seq3/frame00587.jpeg,-19.9,0.3,1.6,0.0,-0.3826834323650898,0.0,0.9238795325112867
3floor,train,3,seq3/frame00588.jpeg,-19.9,0.3,1.6,0.0,0.0,0.0,1.0
3floor,train,3,seq3/frame00589.jpeg,-20.5,2.1,1.6,0.0,0.0,0.0,1.0
3floor,train,3,seq3/frame00590.jpeg,-20.5,2.1,1.6,0.0,0.3826834323650898,0.0,0.9238795325112867
3floor,train,3,seq3/frame00591.jpeg,-20.5,1.5,1.6,0.0,-0.7071067811865476,0.0,0.7071067811865476
3floor,train,3,seq3/frame00592.jpeg,-20.5,1.5,1.6,0.0,-0.3826834323650898,0.0,0.9238795325112867
3floor,train,3,seq3/frame00593.jpeg,-20.5,1.5,1.6,0.0,0.0,0.0,1.0
3floor,train,3,seq3/frame00594.jpeg,-20.5,1.5,1.6,0.0,0.3826834323650898,0.0,0.9238795325112867
3floor,train,3,seq3/frame00595.jpeg,-20.5,1.5,1.6,0.0,0.7071067811865476,0.0,0.7071067811865476
3floor,train,3,seq3/frame00596.jpeg,-20.5,0.9,1.6,0.0,-0.7071067811865476,0.0,0.7071067811865476
3floor,train,3,seq3/frame00597.jpeg,-20.5,0.9,1.6,0.0,-0.3826834323650898,0.0,0.9238795325112867
3floor,train,3,seq3/frame00598.jpeg,-20.5,0.9,1.6,0.0,0.0,0.0,1.0
3floor,train,3,seq3/frame00599.jpeg,-20.5,0.9,1.6,0.0,0.3826834323650898,0.0,0.9238795325112867
3floor,train,3,seq3/frame00600.jpeg,-20.5,0.9,1.6,0.0,0.7071067811865476,0.0,0.7071067811865476
3floor,train,3,seq3/frame00601.jpeg,-20.5,0.3,1.6,0.0,-0.3826834323650898,0.0,0.9238795325112867
3floor,train,3,seq3/frame00602.jpeg,-20.5,0.3,1.6,0.0,0.0,0.0,1.0
3floor,train,3,seq3/frame00603.jpeg,-21.1,2.1,1.6,0.0,0.0,0.0,1.0
3floor,train,3,seq3/frame00604.jpeg,-21.1,2.1,1.6,0.0,0.3826834323650898,0.0,0.9238795325112867
3floor,train,3,seq3/frame00605.jpeg,-21.1,1.5,1.6,0.0,-0.7071067811865476,0.0,0.7071067811865476
3floor,train,3,seq3/frame00606.jpeg,-21.1,1.5,1.6,0.0,-0.3826834323650898,0.0,0.9238795325112867
3floor,train,3,seq3/frame00607.jpeg,-21.1,1.5,1.6,0.0,0.0,0.0,1.0
3floor,train,3,seq3/frame00608.jpeg,-21.1,1.5,1.6,0.0,0.3826834323650898,0.0,0.9238795325112867
3floor,train,3,seq3/frame00609.jpeg,-21.1,1.5,1.6,0.0,0.7071067811865476,0.0,0.7071067811865476
3floor,train,3,seq3/frame00610.jpeg,-21.1,0.9,1.6,0.0,-0.7071067811865476,0.0,0.7071067811865476
3floor,train,3,seq3/frame00611.jpeg,-21.1,0.9,1.6,0.0,-0.3826834323650898,0.0,0.9238795325112867
3floor,train,3,seq3/frame00612.jpeg,-21.1,0.9,1.6,0.0,0.0,0.0,1.0
3floor,train,3,seq3/frame00613.jpeg,-21.1,0.9,1.6,0.0,0.3826834323650898,0.0,0.9238795325112867
3floor,train,3,seq3/frame00614.jpeg,-21.1,0.9,1.6,0.0,0.7071067811865476,0.0,0.7071067811865476
3floor,train,3,seq3/frame00615.jpeg,-21.1,0.3,1.6,0.0,-0.3826834323650898,0.0,0.9238795325112867
3floor,train,3,seq3/frame00616.jpeg,-21.1,0.3,1.6,0.0,0.0,0.0,1.0
3floor,train,3,seq3/frame00617.jpeg,-21.7,2.1,1.6,0.0,0.0,0.0,1.0
3floor,train,3,seq3/frame00618.jpeg,-21.7,2.1,1.6,0.0,0.3826834323650898,0.0,0.9238795325112867
3floor,train,3,seq3/frame00619.jpeg,-21.7,1.5,1.6,0.0,-0.7071067811865476,0.0,0.7071067811865476
3floor,train,3,seq3/frame00620.jpeg,-21.7,1.5,1.6,0.0,-0.3826834323650898,0.0,0.9238795325112867
3floor,train,3,seq3/frame00621.jpeg,-21.7,1.5,1.6,0.0,0.0,0.0,1.0
3floor,train,3,seq3/frame00622.jpeg,-21.7,1.5,1.6,0.0,0.3826834323650898,0.0,0.9238795325112867
3floor,train,3,seq3/frame00623.jpeg,-21.7,1.5,1.6,0.0,0.7071067811865476,0.0,0.7071067811865476
3floor,train,3,seq3/frame00624.jpeg,-21.7,0.9,1.6,0.0,-0.7071067811865476,0.0,0.7071067811865476
3floor,train,3,seq3/frame00625.jpeg,-21.7,0.9,1.6,0.0,-0.3826834323650898,0.0,0.9238795325112867
3floor,train,3,seq3/frame00626.jpeg,-21.7,0.9,1.6,0.0,0.0,0.0,1.0
3floor,train,3,seq3/frame00627.jpeg,-21.7,0.9,1.6,0.0,0.3826834323650898,0.0,0.9238795325112867
3floor,train,3,seq3/frame00628.jpeg,-21.7,0.9,1.6,0.0,0.7071067811865476,0.0,0.7071067811865476
3floor,train,3,seq3/frame00629.jpeg,-21.7,0.3,1.6,0.0,-0.3826834323650898,0.0,0.9238795325112867
3floor,train,3,seq3/frame00630.jpeg,-21.7,0.3,1.6,0.0,0.0,0.0,1.0
3floor,train,3,seq3/frame00631.jpeg,-22.3,2.1,1.6,0.0,0.0,0.0,1.0
3floor,train,3,seq3/frame00632.jpeg,-22.3,2.1,1.6,0.0,0.3826834323650898,0.0,0.9238795325112867
3floor,train,3,seq3/frame00633.jpeg,-22.3,1.5,1.6,0.0,-0.7071067811865476,0.0,0.7071067811865476
3floor,train,3,seq3/frame00634.jpeg,-22.3,1.5,1.6,0.0,-0.3826834323650898,0.0,0.9238795325112867
3floor,train,3,seq3/frame00635.jpeg,-22.3,1.5,1.6,0.0,0.0,0.0,1.0
3floor,train,3,seq3/frame00636.jpeg,-22.3,1.5,1.6,0.0,0.3826834323650898,0.0,0.9238795325112867
3floor,train,3,seq3/frame00637.jpeg,-22.3,1.5,1.6,0.0,0.7071067811865476,0.0,0.7071067811865476
3floor,train,3,seq3/frame00638.jpeg,-22.3,0.9,1.6,0.0,-0.7071067811865476,0.0,0.7071067811865476
3floor,train,3,seq3/frame00639.jpeg,-22.3,0.9,1.6,0.0,-0.3826834323650898,0.0,0.9238795325112867
3floor,train,3,seq3/frame00640.jpeg,-22.3,0.9,1.6,0.0,0.0,0.0,1.0
3floor,train,3,seq3/frame00641.jpeg,-22.3,0.9,1.6,0.0,0.3826834323650898,0.0,0.9238795325112867
3floor,train,3,seq3/frame00642.jpeg,-22.3,0.9,1.6,0.0,0.7071067811865476,0.0,0.7071067811865476
3floor,train,3,seq3/frame00643.jpeg,-22.3,0.3,1.6,0.0,-0.3826834323650898,0.0,0.9238795325112867
3floor,train,3,seq3/frame00644.jpeg,-22.3,0.3,1.6,0.0,0.0,0.0,1.0
3floor,train,3,seq3/frame00645.jpeg,-22.9,2.1,1.6,0.0,0.0,0.0,1.0
3floor,train,3,seq3/frame00646.jpeg,-22.9,2.1,1.6,0.0,0.3826834323650898,0.0,0.9238795325112867
3floor,train,3,seq3/frame00647.jpeg,-22.9,1.5,1.6,0.0,-0.7071067811865476,0.0,0.7071067811865476
3floor,train,3,seq3/frame00648.jpeg,-22.9,1.5,1.6,0.0,-0.3826834323650898,0.0,0.9238795325112867
3floor,train,3,seq3/frame00649.jpeg,-22.9,1.5,1.6,0.0,0.0,0.0,1.0
3floor,train,3,seq3/frame00650.jpeg,-22.9,1.5,1.6,0.0,0.3826834323650898,0.0,0.9238795325112867
3floor,train,3,seq3/frame00651.jpeg,-22.9,1.5,1.6,0.0,0.7071067811865476,0.0,0.7071067811865476
3floor,train,3,seq3/frame00652.jpeg,-22.9,0.9,1.6,0.0,-0.7071067811865476,0.0,0.7071067811865476
3floor,train,3,seq3/frame00653.jpeg,-22.9,0.9,1.6,0.0,-0.3826834323650898,0.0,0.9238795325112867
3floor,train,3,seq3/frame00654.jpeg,-22.9,0.9,1.6,0.0,0.0,0.0,1.0
3floor,train,3,seq3/frame00655.jpeg,-22.9,0.9,1.6,0.0,0.3826834323650898,0.0,0.9238795325112867
3floor,train,3,seq3/frame00656.jpeg,-22.9,0.9,1.6,0.0,0.7071067811865476,0.0,0.7071067811865476
3floor,train,3,seq3/frame00657.jpeg,-22.9,0.3,1.6,0.0,-0.3826834323650898,0.0,0.9238795325112867
3floor,train,3,seq3/frame00658.jpeg,-22.9,0.3,1.6,0.0,0.0,0.0,1.0
3floor,train,3,seq3/frame00659.jpeg,-23.5,2.1,1.6,0.0,0.0,0.0,1.0
3floor,train,3,seq3/frame00660.jpeg,-23.5,2.1,1.6,0.0,0.3826834323650898,0.0,0.9238795325112867
3floor,train,3,seq3/frame00661.jpeg,-23.5,1.5,1.6,0.0,-0.7071067811865476,0.0,0.7071067811865476
3floor,train,3,seq3/frame00662.jpeg,-23.5,1.5,1.6,0.0,-0.3826834323650898,0.0,0.9238795325112867
3floor,train,3,seq3/frame00663.jpeg,-23.5,1.5,1.6,0.0,0.0,0.0,1.0
3floor,train,3,seq3/frame00664.jpeg,-23.5,1.5,1.6,0.0,0.3826834323650898,0.0,0.9238795325112867
3floor,train,3,seq3/frame00665.jpeg,-23.5,1.5,1.6,0.0,0.7071067811865476,0.0,0.7071067811865476
3floor,train,3,seq3/frame00666.jpeg,-23.5,0.9,1.6,0.0,-0.7071067811865476,0.0,0.7071067811865476
3floor,train,3,seq3/frame00667.jpeg,-23.5,0.9,1.6,0.0,-0.3826834323650898,0.0,0.9238795325112867
3floor,train,3,seq3/frame00668.jpeg,-23.5,0.9,1.6,0.0,0.0,0.0,1.0
3floor,train,3,seq3/frame00669.jpeg,-23.5,0.9,1.6,0.0,0.3826834323650898,0.0,0.9238795325112867
3floor,train,3,seq3/frame00670.jpeg,-23.5,0.9,1.6,0.0,0.7071067811865476,0.0,0.7071067811865476
3floor,train,3,seq3/frame00671.jpeg,-23.5,0.3,1.6,0.0,-0.3826834323650898,0.0,0.9238795325112867
3floor,train,3,seq3/frame00672.jpeg,-23.5,0.3,1.6,0.0,0.0,0.0,1.0
3floor,train,3,seq3/frame00673.jpeg,-24.1,2.1,1.6,0.0,0.0,0.0,1.0
3floor,train,3,seq3/frame00674.jpeg,-24.1,2.1,1.6,0.0,0.3826834323650898,0.0,0.9238795325112867
3floor,train,3,seq3/frame00675.jpeg,-24.1,1.5,1.6,0.0,-0.7071067811865476,0.0,0.7071067811865476
3floor,train,3,seq3/frame00676.jpeg,-24.1,1.5,1.6,0.0,-0.3826834323650898,0.0,0.9238795325112867
3floor,train,3,seq3/frame00677.jpeg,-24.1,1.5,1.6,0.0,0.0,0.0,1.0
3floor,train,3,seq3/frame00678.jpeg,-24.1,1.5,1.6,0.0,0.3826834323650898,0.0,0.9238795325112867
3floor,train,3,seq3/frame00679.jpeg,-24.1,1.5,1.6,0.0,0.7071067811865476,0.0,0.7071067811865476
3floor,train,3,seq3/frame00680.jpeg,-24.1,0.9,1.6,0.0,-0.7071067811865476,0.0,0.7071067811865476
3floor,train,3,seq3/frame00681.jpeg,-24.1,0.9,1.6,0.0,-0.3826834323650898,0.0,0.9238795325112867
3floor,train,3,seq3/frame00682.jpeg,-24.1,0.9,1.6,0.0,0.0,0.0,1.0
3floor,train,3,seq3/frame00683.jpeg,-24.1,0.9,1.6,0.0,0.3826834323650898,0.0,0.9238795325112867
3floor,train,3,seq3/frame00684.jpeg,-24.1,0.9,1.6,0.0,0.7071067811865476,0.0,0.7071067811865476
3floor,train,3,seq3/frame00685.jpeg,-24.1,0.3,1.6,0.0,-0.3826834323650898,0.0,0.9238795325112867
3floor,train,3,seq3/frame00686.jpeg,-24.1,0.3,1.6,0.0,0.0,0.0,1.0
3floor,train,3,seq3/frame00687.jpeg,-24.7,2.1,1.6,0.0,0.0,0.0,1.0
3floor,train,3,seq3/frame00688.jpeg,-24.7,2.1,1.6,0.0,0.3826834323650898,0.0,0.9238795325112867
3floor,train,3,seq3/frame00689.jpeg,-24.7,1.5,1.6,0.0,-0.7071067811865476,0.0,0.7071067811865476
3floor,train,3,seq3/frame00690.jpeg,-24.7,1.5,1.6,0.0,-0.3826834323650898,0.0,0.9238795325112867
3floor,train,3,seq3/frame00691.jpeg,-24.7,1.5,1.6,0.0,0.0,0.0,1.0
3floor,train,3,seq3/frame00692.jpeg,-24.7,1.5,1.6,0.0,0.3826834323650898,0.0,0.9238795325112867
3floor,train,3,seq3/frame00693.jpeg,-24.7,1.5,1.6,0.0,0.7071067811865476,0.0,0.7071067811865476
3floor,train,3,seq3/frame00694.jpeg,-24.7,0.9,1.6,0.0,-0.7071067811865476,0.0,0.7071067811865476
3floor,train,3,seq3/frame00695.jpeg,-24.7,0.9,1.6,0.0,-0.3826834323650898,0.0,0.9238795325112867
3floor,train,3,seq3/frame00696.jpeg,-24.7,0.9,1.6,0.0,0.0,0.0,1.0
3floor,train,3,seq3/frame00697.jpeg,-24.7,0.9,1.6,0.0,0.3826834323650898,0.0,0.9238795325112867
3floor,train,3,seq3/frame00698.jpeg,-24.7,0.9,1.6,0.0,0.7071067811865476,0.0,0.7071067811865476
3floor,train,3,seq3/frame00699.jpeg,-24.7,0.3,1.6,0.0,-0.3826834323650898,0.0,0.9238795325112867
3floor,train,3,seq3/frame00700.jpeg,-24.7,0.3,1.6,0.0,0.0,0.0,1.0
3floor,train,3,seq3/frame00701.jpeg,-25.3,2.1,1.6,0.0,0.0,0.0,1.0
3floor,train,3,seq3/frame00702.jpeg,-25.3,2.1,1.6,0.0,0.3826834323650898,0.0,0.9238795325112867
3floor,train,3,seq3/frame00703.jpeg,-25.3,1.5,1.6,0.0,-0.7071067811865476,0.0,0.7071067811865476
3floor,train,3,seq3/frame00704.jpeg,-25.3,1.5,1.6,0.0,-0.3826834323650898,0.0,0.9238795325112867
3floor,train,3,seq3/frame00705.jpeg,-25.3,1.5,1.6,0.0,0.0,0.0,1.0
3floor,train,3,seq3/frame00706.jpeg,-25.3,1.5,1.6,0.0,0.3826834323650898,0.0,0.9238795325112867
3floor,train,3,seq3/frame00707.jpeg,-25.3,1.5,1.6,0.0,0.7071067811865476,0.0,0.7071067811865476
3floor,train,3,seq3/frame00708.jpeg,-25.3,0.9,1.6,0.0,-0.7071067811865476,0.0,0.7071067811865476
3floor,train,3,seq3/frame00709.jpeg,-25.3,0.9,1.6,0.0,-0.3826834323650898,0.0,0.9238795325112867
3floor,train,3,seq3/frame00710.jpeg,-25.3,0.9,1.6,0.0,0.0,0.0,1.0
3floor,train,3,seq3/frame00711.jpeg,-25.3,0.9,1.6,0.0,0.3826834323650898,0.0,0.9238795325112867
3floor,train,3,seq3/frame00712.jpeg,-25.3,0.9,1.6,0.0,0.7071067811865476,0.0,0.7071067811865476
3floor,train,3,seq3/frame00713.jpeg,-25.3,0.3,1.6,0.0,-0.3826834323650898,0.0,0.9238795325112867
3floor,train,3,seq3/frame00714.jpeg,-25.3,0.3,1.6,0.0,0.0,0.0,1.0
